{
  "image_path": "uploads/צילום מסך 2025-09-06 ב-10.18.35.png",
  "origin_px": {
    "x": 80.43636322021484,
    "y": 1417.599853515625
  },
  "pockets_px": {
    "TL": {
      "x": 131.0,
      "y": 80.0
    },
    "TM": {
      "x": 1403.0,
      "y": 85.0
    },
    "TR": {
      "x": 2622.0,
      "y": 86.0
    },
    "BL": {
      "x": 100.0,
      "y": 1357.0
    },
    "BM": {
      "x": 1323.0,
      "y": 1396.0
    },
    "BR": {
      "x": 2621.0,
      "y": 1367.0
    }
  },
  "table_rect_units": {
    "width": 2.0,
    "height": 1.0
  },
  "homography_img2table": [
    [
      0.0008080539317855036,
      3.34440531317653e-05,
      -0.11672728862682066
    ],
    [
      -1.3333519158391545e-06,
      0.0007878815130802398,
      -0.063917385468757
    ],
    [
      2.163635832729732e-06,
      9.864737141057877e-06,
      1.0
    ]
  ],
  "table_size_px": {
    "width_px": 2736.0,
    "height_px": 1518.0
  },
  "balls": [
    {
      "index": 0,
      "type": "black",
      "center_px": {
        "x": 76.0,
        "y": 1463.0
      },
      "rel_to_BL_px": {
        "x": -4.436363220214844,
        "y": -45.400146484375
      },
      "table_uv": {
        "u": -0.0031473299022763968,
        "v": 1.0729899406433105
      },
      "table_xy_units": {
        "x": -0.0062946598045527935,
        "y": 1.0729899406433105
      }
    },
    {
      "index": 1,
      "type": "white",
      "center_px": {
        "x": 715.3433837890625,
        "y": 1242.7097778320312
      },
      "rel_to_BL_px": {
        "x": 634.9070205688477,
        "y": 174.89007568359375
      },
      "table_uv": {
        "u": 0.2480107694864273,
        "v": 0.9017860889434814
      },
      "table_xy_units": {
        "x": 0.4960215389728546,
        "y": 0.9017860889434814
      }
    },
    {
      "index": 2,
      "type": "other",
      "center_px": {
        "x": 804.9653015136719,
        "y": 752.8247680664062
      },
      "rel_to_BL_px": {
        "x": 724.528938293457,
        "y": 664.7750854492188
      },
      "table_uv": {
        "u": 0.2769140303134918,
        "v": 0.5233479142189026
      },
      "table_xy_units": {
        "x": 0.5538280606269836,
        "y": 0.5233479142189026
      }
    },
    {
      "index": 3,
      "type": "other",
      "center_px": {
        "x": 209.0,
        "y": 201.0
      },
      "rel_to_BL_px": {
        "x": 128.56363677978516,
        "y": 1216.599853515625
      },
      "table_uv": {
        "u": 0.029367608949542046,
        "v": 0.0939393863081932
      },
      "table_xy_units": {
        "x": 0.05873521789908409,
        "y": 0.0939393863081932
      }
    },
    {
      "index": 4,
      "type": "other",
      "center_px": {
        "x": 379.0,
        "y": 199.0
      },
      "rel_to_BL_px": {
        "x": 298.56363677978516,
        "y": 1218.599853515625
      },
      "table_uv": {
        "u": 0.09781802445650101,
        "v": 0.09210934489965439
      },
      "table_xy_units": {
        "x": 0.19563604891300201,
        "y": 0.09210934489965439
      }
    },
    {
      "index": 5,
      "type": "other",
      "center_px": {
        "x": 155.0,
        "y": 199.0
      },
      "rel_to_BL_px": {
        "x": 74.56363677978516,
        "y": 1218.599853515625
      },
      "table_uv": {
        "u": 0.0075708176009356976,
        "v": 0.09245187044143677
      },
      "table_xy_units": {
        "x": 0.015141635201871395,
        "y": 0.09245187044143677
      }
    },
    {
      "index": 6,
      "type": "other",
      "center_px": {
        "x": 215.0,
        "y": 140.0
      },
      "rel_to_BL_px": {
        "x": 134.56363677978516,
        "y": 1277.599853515625
      },
      "table_uv": {
        "u": 0.03078639693558216,
        "v": 0.04601440206170082
      },
      "table_xy_units": {
        "x": 0.06157279387116432,
        "y": 0.04601440206170082
      }
    },
    {
      "index": 7,
      "type": "other",
      "center_px": {
        "x": 175.0,
        "y": 175.0
      },
      "rel_to_BL_px": {
        "x": 94.56363677978516,
        "y": 1242.599853515625
      },
      "table_uv": {
        "u": 0.015235359780490398,
        "v": 0.07357367128133774
      },
      "table_xy_units": {
        "x": 0.030470719560980797,
        "y": 0.07357367128133774
      }
    },
    {
      "index": 8,
      "type": "other",
      "center_px": {
        "x": 367.0,
        "y": 223.0
      },
      "rel_to_BL_px": {
        "x": 286.56363677978516,
        "y": 1194.599853515625
      },
      "table_uv": {
        "u": 0.09336373955011368,
        "v": 0.11095865070819855
      },
      "table_xy_units": {
        "x": 0.18672747910022736,
        "y": 0.11095865070819855
      }
    },
    {
      "index": 9,
      "type": "other",
      "center_px": {
        "x": 323.0,
        "y": 199.0
      },
      "rel_to_BL_px": {
        "x": 242.56363677978516,
        "y": 1218.599853515625
      },
      "table_uv": {
        "u": 0.07526440173387527,
        "v": 0.09219494462013245
      },
      "table_xy_units": {
        "x": 0.15052880346775055,
        "y": 0.09219494462013245
      }
    },
    {
      "index": 10,
      "type": "other",
      "center_px": {
        "x": 91.0,
        "y": 199.0
      },
      "rel_to_BL_px": {
        "x": 10.563636779785156,
        "y": 1218.599853515625
      },
      "table_uv": {
        "u": -0.018230130895972252,
        "v": 0.09254979342222214
      },
      "table_xy_units": {
        "x": -0.036460261791944504,
        "y": 0.09254979342222214
      }
    },
    {
      "index": 11,
      "type": "other",
      "center_px": {
        "x": 277.0,
        "y": 199.0
      },
      "rel_to_BL_px": {
        "x": 196.56363677978516,
        "y": 1218.599853515625
      },
      "table_uv": {
        "u": 0.05673413351178169,
        "v": 0.09226527810096741
      },
      "table_xy_units": {
        "x": 0.11346826702356339,
        "y": 0.09226527810096741
      }
    },
    {
      "index": 12,
      "type": "other",
      "center_px": {
        "x": 407.0,
        "y": 199.0
      },
      "rel_to_BL_px": {
        "x": 326.56363677978516,
        "y": 1218.599853515625
      },
      "table_uv": {
        "u": 0.10909278690814972,
        "v": 0.09206655621528625
      },
      "table_xy_units": {
        "x": 0.21818557381629944,
        "y": 0.09206655621528625
      }
    },
    {
      "index": 13,
      "type": "other",
      "center_px": {
        "x": 395.0,
        "y": 229.0
      },
      "rel_to_BL_px": {
        "x": 314.56363677978516,
        "y": 1188.599853515625
      },
      "table_uv": {
        "u": 0.10473025590181351,
        "v": 0.11562079936265945
      },
      "table_xy_units": {
        "x": 0.20946051180362701,
        "y": 0.11562079936265945
      }
    },
    {
      "index": 14,
      "type": "other",
      "center_px": {
        "x": 2340.6302490234375,
        "y": 493.939453125
      },
      "rel_to_BL_px": {
        "x": 2260.1938858032227,
        "y": 923.660400390625
      },
      "table_uv": {
        "u": 0.8867622017860413,
        "v": 0.318958044052124
      },
      "table_xy_units": {
        "x": 1.7735244035720825,
        "y": 0.318958044052124
      }
    },
    {
      "index": 15,
      "type": "other",
      "center_px": {
        "x": 1922.8878173828125,
        "y": 209.027587890625
      },
      "rel_to_BL_px": {
        "x": 1842.4514541625977,
        "y": 1208.572265625
      },
      "table_uv": {
        "u": 0.7175652384757996,
        "v": 0.09760038554668427
      },
      "table_xy_units": {
        "x": 1.4351304769515991,
        "y": 0.09760038554668427
      }
    }
  ]
}