{
  "image_path": "photos/img_start.jpeg",
  "origin_px": {
    "x": 44.879241943359375,
    "y": 777.4588623046875
  },
  "pockets_px": {
    "TL": {
      "x": 26.0,
      "y": 6.0
    },
    "TM": {
      "x": 735.0,
      "y": 51.0
    },
    "TR": {
      "x": 1426.0,
      "y": 62.0
    },
    "BL": {
      "x": 74.0,
      "y": 744.0
    },
    "BM": {
      "x": 735.0,
      "y": 752.0
    },
    "BR": {
      "x": 1424.0,
      "y": 752.0
    }
  },
  "table_rect_units": {
    "width": 2.0,
    "height": 1.0
  },
  "homography_img2table": [
    [
      0.0013953096925894573,
      -7.695688734587088e-05,
      -0.035581303658559736
    ],
    [
      -3.862144414510082e-05,
      0.0013423848328434798,
      -0.024916004409814778
    ],
    [
      -1.5561874159729356e-05,
      -4.8046136992631635e-05,
      1.0
    ]
  ],
  "table_size_px": {
    "width_px": 1510.0,
    "height_px": 836.0
  },
  "balls": [
    {
      "index": 0,
      "type": "black",
      "center_px": {
        "x": 412.0,
        "y": 412.0
      },
      "rel_to_BL_px": {
        "x": 367.1207580566406,
        "y": 365.4588623046875
      },
      "table_uv": {
        "u": 0.26061996817588806,
        "v": 0.5260196328163147
      },
      "table_xy_units": {
        "x": 0.5212399363517761,
        "y": 0.5260196328163147
      }
    },
    {
      "index": 1,
      "type": "white",
      "center_px": {
        "x": 1334.129638671875,
        "y": 299.28240966796875
      },
      "rel_to_BL_px": {
        "x": 1289.2503967285156,
        "y": 478.17645263671875
      },
      "table_uv": {
        "u": 0.9342871308326721,
        "v": 0.337158203125
      },
      "table_xy_units": {
        "x": 1.8685742616653442,
        "y": 0.337158203125
      }
    },
    {
      "index": 2,
      "type": "other",
      "center_px": {
        "x": 1306.0,
        "y": 598.0
      },
      "rel_to_BL_px": {
        "x": 1261.1207580566406,
        "y": 179.4588623046875
      },
      "table_uv": {
        "u": 0.9152336120605469,
        "v": 0.7649136781692505
      },
      "table_xy_units": {
        "x": 1.8304672241210938,
        "y": 0.7649136781692505
      }
    },
    {
      "index": 3,
      "type": "other",
      "center_px": {
        "x": 527.0,
        "y": 363.0
      },
      "rel_to_BL_px": {
        "x": 482.1207580566406,
        "y": 414.4588623046875
      },
      "table_uv": {
        "u": 0.3447456955909729,
        "v": 0.45364856719970703
      },
      "table_xy_units": {
        "x": 0.6894913911819458,
        "y": 0.45364856719970703
      }
    },
    {
      "index": 4,
      "type": "other",
      "center_px": {
        "x": 972.6587829589844,
        "y": 652.7498779296875
      },
      "rel_to_BL_px": {
        "x": 927.779541015625,
        "y": 124.708984375
      },
      "table_uv": {
        "u": 0.6666719317436218,
        "v": 0.8534439206123352
      },
      "table_xy_units": {
        "x": 1.3333438634872437,
        "y": 0.8534439206123352
      }
    },
    {
      "index": 5,
      "type": "other",
      "center_px": {
        "x": 938.2245178222656,
        "y": 678.8627624511719
      },
      "rel_to_BL_px": {
        "x": 893.3452758789062,
        "y": 98.59609985351562
      },
      "table_uv": {
        "u": 0.6409064531326294,
        "v": 0.8922742605209351
      },
      "table_xy_units": {
        "x": 1.2818129062652588,
        "y": 0.8922742605209351
      }
    },
    {
      "index": 6,
      "type": "other",
      "center_px": {
        "x": 988.5505065917969,
        "y": 332.41139221191406
      },
      "rel_to_BL_px": {
        "x": 943.6712646484375,
        "y": 445.04747009277344
      },
      "table_uv": {
        "u": 0.6804201602935791,
        "v": 0.3955305218696594
      },
      "table_xy_units": {
        "x": 1.3608403205871582,
        "y": 0.3955305218696594
      }
    },
    {
      "index": 7,
      "type": "other",
      "center_px": {
        "x": 684.6641845703125,
        "y": 194.0335464477539
      },
      "rel_to_BL_px": {
        "x": 639.7849426269531,
        "y": 583.4253158569336
      },
      "table_uv": {
        "u": 0.46162450313568115,
        "v": 0.21337153017520905
      },
      "table_xy_units": {
        "x": 0.9232490062713623,
        "y": 0.21337153017520905
      }
    },
    {
      "index": 8,
      "type": "other",
      "center_px": {
        "x": 1376.41015625,
        "y": 217.51201629638672
      },
      "rel_to_BL_px": {
        "x": 1331.5309143066406,
        "y": 559.9468460083008
      },
      "table_uv": {
        "u": 0.9648488759994507,
        "v": 0.220951646566391
      },
      "table_xy_units": {
        "x": 1.9296977519989014,
        "y": 0.220951646566391
      }
    },
    {
      "index": 9,
      "type": "other",
      "center_px": {
        "x": 1165.6498413085938,
        "y": 679.3816528320312
      },
      "rel_to_BL_px": {
        "x": 1120.7705993652344,
        "y": 98.07720947265625
      },
      "table_uv": {
        "u": 0.8104445934295654,
        "v": 0.8871049284934998
      },
      "table_xy_units": {
        "x": 1.6208891868591309,
        "y": 0.8871049284934998
      }
    },
    {
      "index": 10,
      "type": "other",
      "center_px": {
        "x": 323.2436981201172,
        "y": 611.7929382324219
      },
      "rel_to_BL_px": {
        "x": 278.3644561767578,
        "y": 165.66592407226562
      },
      "table_uv": {
        "u": 0.1907474547624588,
        "v": 0.8118075728416443
      },
      "table_xy_units": {
        "x": 0.3814949095249176,
        "y": 0.8118075728416443
      }
    },
    {
      "index": 11,
      "type": "other",
      "center_px": {
        "x": 1271.7501831054688,
        "y": 532.2437133789062
      },
      "rel_to_BL_px": {
        "x": 1226.8709411621094,
        "y": 245.21514892578125
      },
      "table_uv": {
        "u": 0.8893141746520996,
        "v": 0.6708760261535645
      },
      "table_xy_units": {
        "x": 1.7786283493041992,
        "y": 0.6708760261535645
      }
    },
    {
      "index": 12,
      "type": "other",
      "center_px": {
        "x": 1167.519775390625,
        "y": 722.7390441894531
      },
      "rel_to_BL_px": {
        "x": 1122.6405334472656,
        "y": 54.719818115234375
      },
      "table_uv": {
        "u": 0.8118679523468018,
        "v": 0.9504598379135132
      },
      "table_xy_units": {
        "x": 1.6237359046936035,
        "y": 0.9504598379135132
      }
    },
    {
      "index": 13,
      "type": "other",
      "center_px": {
        "x": 399.2947235107422,
        "y": 328.5657958984375
      },
      "rel_to_BL_px": {
        "x": 354.4154815673828,
        "y": 448.89306640625
      },
      "table_uv": {
        "u": 0.25371837615966797,
        "v": 0.409738689661026
      },
      "table_xy_units": {
        "x": 0.5074367523193359,
        "y": 0.409738689661026
      }
    },
    {
      "index": 14,
      "type": "other",
      "center_px": {
        "x": 807.7039794921875,
        "y": 117.75447845458984
      },
      "rel_to_BL_px": {
        "x": 762.8247375488281,
        "y": 659.7043838500977
      },
      "table_uv": {
        "u": 0.5512241125106812,
        "v": 0.10385408252477646
      },
      "table_xy_units": {
        "x": 1.1024482250213623,
        "y": 0.10385408252477646
      }
    }
  ]
}