{
  "image_path": "uploads/img7.jpeg",
  "origin_px": {
    "x": 60.0,
    "y": 1229.0
  },
  "pockets_px": {
    "TL": {
      "x": 15.0,
      "y": 46.0
    },
    "TM": {
      "x": 1163.0,
      "y": 47.0
    },
    "TR": {
      "x": 2266.0,
      "y": 0.0
    },
    "BL": {
      "x": 77.0,
      "y": 1184.0
    },
    "BM": {
      "x": 1133.0,
      "y": 1216.0
    },
    "BR": {
      "x": 2213.0,
      "y": 1180.0
    }
  },
  "table_rect_units": {
    "width": 2.0,
    "height": 1.0
  },
  "homography_img2table": [
    [
      0.0008952664966795621,
      -3.933088250330056e-05,
      -0.020031976755890833
    ],
    [
      1.097476527018339e-05,
      0.0008184195183700099,
      -0.03764400787239697
    ],
    [
      3.763435873149302e-06,
      -4.394464416817392e-05,
      1.0
    ]
  ],
  "table_size_px": {
    "width_px": 2276.0,
    "height_px": 1230.0
  },
  "balls": [
    {
      "index": 0,
      "type": "black",
      "center_px": {
        "x": 195.8085708618164,
        "y": 708.1837768554688
      },
      "rel_to_BL_px": {
        "x": 135.8085708618164,
        "y": 520.8162231445312
      },
      "table_uv": {
        "u": 0.06570404022932053,
        "v": 0.5611461997032166
      },
      "table_xy_units": {
        "x": 0.13140808045864105,
        "y": 0.5611461997032166
      }
    },
    {
      "index": 1,
      "type": "white",
      "center_px": {
        "x": 1453.9873657226562,
        "y": 850.6225891113281
      },
      "rel_to_BL_px": {
        "x": 1393.9873657226562,
        "y": 378.3774108886719
      },
      "table_uv": {
        "u": 0.644679844379425,
        "v": 0.6967101097106934
      },
      "table_xy_units": {
        "x": 1.28935968875885,
        "y": 0.6967101097106934
      }
    },
    {
      "index": 2,
      "type": "other",
      "center_px": {
        "x": 1321.0226440429688,
        "y": 442.8616485595703
      },
      "rel_to_BL_px": {
        "x": 1261.0226440429688,
        "y": 786.1383514404297
      },
      "table_uv": {
        "u": 0.581027626991272,
        "v": 0.3442891836166382
      },
      "table_xy_units": {
        "x": 1.162055253982544,
        "y": 0.3442891836166382
      }
    },
    {
      "index": 3,
      "type": "other",
      "center_px": {
        "x": 297.4161834716797,
        "y": 520.6252136230469
      },
      "rel_to_BL_px": {
        "x": 237.4161834716797,
        "y": 708.3747863769531
      },
      "table_uv": {
        "u": 0.1153898760676384,
        "v": 0.4004228711128235
      },
      "table_xy_units": {
        "x": 0.2307797521352768,
        "y": 0.4004228711128235
      }
    },
    {
      "index": 4,
      "type": "other",
      "center_px": {
        "x": 2150.0,
        "y": 141.0
      },
      "rel_to_BL_px": {
        "x": 2090.0,
        "y": 1088.0
      },
      "table_uv": {
        "u": 0.9478263258934021,
        "v": 0.10115718096494675
      },
      "table_xy_units": {
        "x": 1.8956526517868042,
        "y": 0.10115718096494675
      }
    },
    {
      "index": 5,
      "type": "other",
      "center_px": {
        "x": 899.0,
        "y": 1097.0
      },
      "rel_to_BL_px": {
        "x": 839.0,
        "y": 132.0
      },
      "table_uv": {
        "u": 0.38823556900024414,
        "v": 0.9108567237854004
      },
      "table_xy_units": {
        "x": 0.7764711380004883,
        "y": 0.9108567237854004
      }
    },
    {
      "index": 6,
      "type": "other",
      "center_px": {
        "x": 1533.0,
        "y": 541.0
      },
      "rel_to_BL_px": {
        "x": 1473.0,
        "y": 688.0
      },
      "table_uv": {
        "u": 0.6777698397636414,
        "v": 0.42968156933784485
      },
      "table_xy_units": {
        "x": 1.3555396795272827,
        "y": 0.42968156933784485
      }
    },
    {
      "index": 7,
      "type": "other",
      "center_px": {
        "x": 1961.5137329101562,
        "y": 645.0872802734375
      },
      "rel_to_BL_px": {
        "x": 1901.5137329101562,
        "y": 583.9127197265625
      },
      "table_uv": {
        "u": 0.8736539483070374,
        "v": 0.5227961540222168
      },
      "table_xy_units": {
        "x": 1.7473078966140747,
        "y": 0.5227961540222168
      }
    },
    {
      "index": 8,
      "type": "other",
      "center_px": {
        "x": 644.4225769042969,
        "y": 937.8881530761719
      },
      "rel_to_BL_px": {
        "x": 584.4225769042969,
        "y": 291.1118469238281
      },
      "table_uv": {
        "u": 0.270497590303421,
        "v": 0.7667568325996399
      },
      "table_xy_units": {
        "x": 0.540995180606842,
        "y": 0.7667568325996399
      }
    },
    {
      "index": 9,
      "type": "other",
      "center_px": {
        "x": 1908.6466064453125,
        "y": 579.4479370117188
      },
      "rel_to_BL_px": {
        "x": 1848.6466064453125,
        "y": 649.5520629882812
      },
      "table_uv": {
        "u": 0.8484731316566467,
        "v": 0.46605417132377625
      },
      "table_xy_units": {
        "x": 1.6969462633132935,
        "y": 0.46605417132377625
      }
    },
    {
      "index": 10,
      "type": "other",
      "center_px": {
        "x": 880.4301147460938,
        "y": 937.718505859375
      },
      "rel_to_BL_px": {
        "x": 820.4301147460938,
        "y": 291.281494140625
      },
      "table_uv": {
        "u": 0.3800550699234009,
        "v": 0.7685908079147339
      },
      "table_xy_units": {
        "x": 0.7601101398468018,
        "y": 0.7685908079147339
      }
    }
  ]
}